CaseMembers,length_homeless,entry_income,perm_leaver
3,94,400,FALSE
3,94,,FALSE
3,,,FALSE
5,146,1920,FALSE
5,121,,FALSE
5,,,FALSE
5,,,FALSE
5,,,FALSE
4,296,478,TRUE
4,,,TRUE
4,,,TRUE
4,296,1600,TRUE
6,92,850,FALSE
6,92,,FALSE
6,,,FALSE
6,,,FALSE
6,,,FALSE
6,,,FALSE
1,,,TRUE
5,122,,TRUE
5,122,1760,TRUE
5,,,TRUE
5,,,TRUE
5,,,TRUE
7,,,FALSE
7,1159,,FALSE
7,,,FALSE
7,,,FALSE
7,,,FALSE
7,1159,,FALSE
7,1159,,FALSE
2,203,420,TRUE
2,,,TRUE
1,191,1291,TRUE
5,127,,TRUE
5,127,,TRUE
5,,,TRUE
5,,,TRUE
5,,,TRUE
3,174,,TRUE
3,,,TRUE
3,,,TRUE
4,,,FALSE
4,1,,FALSE
4,1,,FALSE
4,,,FALSE
2,172,,TRUE
2,,,TRUE
6,1164,1300,FALSE
6,,,FALSE
6,,,FALSE
6,490,1200,FALSE
6,,,FALSE
6,,,FALSE
6,101,1600,TRUE
6,101,,TRUE
6,101,,TRUE
6,101,,TRUE
6,,,TRUE
6,,,TRUE
3,,,TRUE
3,209,,TRUE
3,,,TRUE
7,130,,FALSE
7,,,FALSE
7,,,FALSE
7,,,FALSE
7,150,,FALSE
7,74,,FALSE
7,,,FALSE
4,183,402.79,TRUE
4,183,890,TRUE
4,,,TRUE
4,,,TRUE
3,,,TRUE
3,271,,TRUE
3,271,,TRUE
4,90,318,FALSE
4,,,FALSE
4,,,FALSE
4,,,FALSE
2,,,TRUE
2,43,910,TRUE
4,110,,TRUE
4,110,2000,TRUE
4,,,TRUE
4,,,TRUE
4,51,982,TRUE
4,51,606,TRUE
4,,,TRUE
4,,,TRUE
5,67,520,FALSE
5,,,FALSE
5,,,FALSE
5,67,,FALSE
5,66,,FALSE
3,461,569,FALSE
3,461,569,FALSE
3,,,FALSE
3,,,TRUE
3,,,TRUE
3,,,TRUE
4,53,684,TRUE
4,53,,TRUE
4,,,TRUE
4,,,TRUE
3,201,1920,TRUE
3,201,,TRUE
3,,,TRUE
4,703,441,TRUE
4,,,TRUE
4,703,,TRUE
4,,,TRUE
3,134,,TRUE
3,134,,TRUE
3,,,TRUE
3,9,,TRUE
3,9,,TRUE
3,,,TRUE
2,,,FALSE
2,112,459,FALSE
5,20,772,TRUE
5,20,,TRUE
5,,,TRUE
5,,,TRUE
5,,,TRUE
3,168,,TRUE
3,168,569,TRUE
3,,,TRUE
4,,,FALSE
4,189,291.1,FALSE
4,,,FALSE
4,,,FALSE
3,109,569,FALSE
3,,,FALSE
3,109,,FALSE
2,66,670,FALSE
2,,,FALSE
5,,,FALSE
5,66,,FALSE
5,,,FALSE
5,,,FALSE
5,66,,FALSE
5,,,FALSE
5,405,,FALSE
5,,,FALSE
5,405,,FALSE
5,,,FALSE
2,1098,,FALSE
2,,,FALSE
4,128,,TRUE
4,,,TRUE
4,128,,TRUE
4,,,TRUE
5,164,,TRUE
5,164,,TRUE
5,,,TRUE
5,,,TRUE
5,,,TRUE
3,62,,FALSE
3,,,FALSE
3,,,FALSE
5,98,,FALSE
5,,,FALSE
5,,,FALSE
5,,,FALSE
5,,,TRUE
3,114,,FALSE
3,,,FALSE
3,,,FALSE
5,292,,TRUE
5,292,,TRUE
5,,,TRUE
5,,,TRUE
5,,,TRUE
3,30,,FALSE
3,30,,FALSE
3,,,FALSE
6,89,,FALSE
6,89,,FALSE
6,,,FALSE
6,,,FALSE
6,,,FALSE
6,,,FALSE
2,80,,FALSE
2,,,TRUE
6,63,,FALSE
6,63,,FALSE
6,,,FALSE
6,,,FALSE
6,,,FALSE
6,,,FALSE
3,122,,TRUE
3,,,TRUE
3,,,TRUE
5,86,,TRUE
5,86,,TRUE
5,,,TRUE
5,,,TRUE
5,,,TRUE
6,26,,FALSE
6,,,FALSE
6,26,,FALSE
6,,,FALSE
6,,,FALSE
6,,,FALSE
3,264,,FALSE
3,289,,FALSE
3,,,FALSE
12,,,FALSE
12,,,FALSE
12,,,FALSE
12,29,,FALSE
12,,,FALSE
12,,,FALSE
12,,,FALSE
12,29,,FALSE
12,,,FALSE
12,,,FALSE
12,,,FALSE
12,,,FALSE
3,26,,FALSE
3,26,,FALSE
3,,,FALSE
2,26,,FALSE
2,,,FALSE
3,61,,FALSE
3,,,FALSE
3,,,FALSE
6,101,,TRUE
6,,,TRUE
6,101,,TRUE
6,,,TRUE
6,,,TRUE
6,,,TRUE
5,29,,FALSE
5,,,FALSE
5,,,FALSE
5,,,FALSE
5,,,FALSE
6,23,,FALSE
6,,,FALSE
6,,,FALSE
6,,,FALSE
6,,,FALSE
6,,,FALSE
2,59,,FALSE
2,,,FALSE
3,9,,TRUE
3,,,TRUE
3,,,TRUE
3,7,,TRUE
5,43,,FALSE
5,43,,FALSE
5,,,FALSE
5,,,FALSE
5,,,FALSE
4,,,FALSE
4,204,,FALSE
4,,,FALSE
4,,,FALSE
2,71,,FALSE
2,,,FALSE
6,34,,TRUE
6,34,,TRUE
6,,,TRUE
6,,,TRUE
6,,,TRUE
6,,,TRUE
6,189,,FALSE
6,189,,FALSE
6,,,FALSE
6,,,FALSE
6,,,FALSE
6,,,FALSE
4,152,,FALSE
4,152,,FALSE
4,,,FALSE
4,,,FALSE
3,,,TRUE
3,,,TRUE
3,40,,TRUE
3,83,,TRUE
3,83,,TRUE
3,,,TRUE
2,81,,FALSE
2,,,FALSE
3,85,,TRUE
3,,,TRUE
3,,,TRUE
5,78,,FALSE
5,78,,FALSE
5,,,FALSE
5,,,FALSE
5,,,FALSE
3,12,,FALSE
3,,,FALSE
3,,,FALSE
2,,,FALSE
2,39,,FALSE
3,60,,TRUE
3,,,TRUE
3,,,TRUE
3,,,FALSE
3,,,FALSE
3,129,,FALSE
3,,,TRUE
3,1026,,TRUE
3,1026,,TRUE
5,114,,FALSE
5,114,,FALSE
5,,,FALSE
5,,,FALSE
5,,,FALSE
5,,,FALSE
5,21,,FALSE
5,21,,FALSE
5,,,FALSE
5,,,FALSE
4,8,,FALSE
4,8,,FALSE
4,,,FALSE
4,,,FALSE
2,,,FALSE
2,102,,FALSE
2,43,,FALSE
2,,,FALSE
3,40,,FALSE
3,,,FALSE
3,,,FALSE
3,81,,FALSE
3,81,,TRUE
3,,,TRUE
3,4,,FALSE
3,4,,FALSE
3,,,FALSE
3,27,,TRUE
3,27,,TRUE
3,,,TRUE
2,57,,FALSE
2,,,FALSE
4,,,FALSE
4,,,FALSE
4,68,,FALSE
4,83,,FALSE
2,,,FALSE
2,16,,FALSE
4,152,,FALSE
4,,,FALSE
4,,,FALSE
4,152,,FALSE
2,903,,FALSE
2,,,FALSE
2,8,,FALSE
2,,,FALSE
3,166,,FALSE
3,,,FALSE
3,,,FALSE
2,3,,FALSE
2,,,FALSE
4,118,,FALSE
4,118,,FALSE
4,,,FALSE
4,,,FALSE
2,,,FALSE
2,26,,FALSE
4,,,TRUE
4,458,,TRUE
4,458,,TRUE
4,,,TRUE
3,,,TRUE
3,160,,TRUE
3,,,TRUE
4,255,,TRUE
4,255,,TRUE
4,,,TRUE
4,,,TRUE
3,37,,TRUE
3,37,,TRUE
3,,,TRUE
6,,,TRUE
6,194,,TRUE
6,,,TRUE
6,,,TRUE
6,,,FALSE
6,194,,TRUE
4,419,,TRUE
4,419,,TRUE
4,,,TRUE
4,,,TRUE
2,441,,FALSE
2,,,FALSE
3,29,,FALSE
3,,,FALSE
3,29,,FALSE
3,,,FALSE
3,,,FALSE
3,171,,FALSE
3,48,,FALSE
3,,,FALSE
3,48,,FALSE
3,36,,TRUE
3,36,,TRUE
3,,,TRUE
2,111,,FALSE
2,111,,FALSE
2,68,,TRUE
2,68,,TRUE
3,,,TRUE
3,2,,TRUE
3,2,,TRUE
3,,,TRUE
3,38,,TRUE
3,38,,TRUE
2,139,,FALSE
2,,,FALSE
4,58,,TRUE
4,,,TRUE
4,,,TRUE
4,,,TRUE
4,,,FALSE
4,,,FALSE
4,,,FALSE
4,,,FALSE
5,77,,TRUE
5,77,,TRUE
5,,,TRUE
5,,,TRUE
5,,,TRUE
3,140,,FALSE
3,140,,FALSE
3,140,,FALSE
5,51,,TRUE
5,,,TRUE
5,,,TRUE
5,,,TRUE
5,51,,TRUE
4,49,,FALSE
4,49,,FALSE
4,,,FALSE
4,46,,FALSE
6,16,,FALSE
6,16,,FALSE
6,,,FALSE
6,16,,FALSE
6,,,FALSE
6,,,FALSE
2,137,,FALSE
2,,,FALSE
3,70,,FALSE
3,,,FALSE
3,,,FALSE
2,488,,TRUE
7,,,TRUE
7,33,,TRUE
7,33,,TRUE
7,,,TRUE
7,,,TRUE
7,,,TRUE
7,,,TRUE
4,72,,TRUE
4,72,,TRUE
4,,,TRUE
4,,,TRUE
4,,,FALSE
4,,,FALSE
4,,,FALSE
4,,,FALSE
2,0,,FALSE
2,3,,FALSE
2,413,,TRUE
2,,,TRUE
3,,,FALSE
3,,,FALSE
3,147,,FALSE
3,46,,FALSE
3,,,FALSE
3,,,FALSE
4,273,,FALSE
4,,,FALSE
4,,,FALSE
4,273,,FALSE
3,98,,TRUE
3,,,TRUE
3,,,TRUE
6,,,FALSE
6,,,FALSE
6,,,FALSE
6,,,FALSE
6,46,,FALSE
6,46,,FALSE
3,21,,FALSE
3,,,FALSE
3,21,,FALSE
4,46,,TRUE
4,46,,TRUE
4,,,TRUE
4,,,TRUE
3,17,,TRUE
3,,,TRUE
3,,,TRUE
2,,,TRUE
2,26,,TRUE
3,,,TRUE
3,193,,TRUE
3,193,,TRUE
5,30,,FALSE
5,30,,FALSE
5,,,FALSE
5,,,FALSE
5,,,FALSE
2,36,,FALSE
2,,,FALSE
9,,,TRUE
9,,,TRUE
9,,,TRUE
9,133,,TRUE
9,133,,TRUE
9,,,TRUE
9,,,TRUE
9,,,TRUE
9,,,TRUE
3,30,,FALSE
3,30,,FALSE
3,,,FALSE
3,34,,TRUE
3,34,,TRUE
3,,,TRUE
2,548,,FALSE
2,,,FALSE
4,,,FALSE
4,,,FALSE
4,30,,FALSE
4,45,,FALSE
7,167,,FALSE
7,167,,FALSE
7,,,FALSE
7,,,FALSE
7,,,FALSE
7,,,FALSE
7,,,FALSE
3,40,,FALSE
3,60,,FALSE
3,,,FALSE
3,92,,FALSE
3,,,FALSE
3,,,FALSE
2,,,FALSE
2,,,FALSE
2,,,TRUE
2,,,TRUE
3,9,,FALSE
3,9,,FALSE
3,9,,FALSE
4,147,,FALSE
4,,,FALSE
4,,,FALSE
4,,,FALSE
5,31,,TRUE
5,31,,TRUE
5,,,TRUE
5,,,TRUE
5,,,TRUE
2,63,,FALSE
2,,,FALSE
4,76,,FALSE
4,,,FALSE
4,,,FALSE
4,,,FALSE
4,27,,FALSE
4,,,FALSE
4,,,FALSE
4,27,,FALSE
4,211,,FALSE
4,,,FALSE
4,,,FALSE
4,211,,FALSE
6,62,,TRUE
6,62,,TRUE
6,,,TRUE
6,,,TRUE
6,,,TRUE
6,,,TRUE
5,,,FALSE
5,20,,FALSE
5,,,FALSE
5,40,,FALSE
5,,,FALSE
3,3,,FALSE
3,,,FALSE
3,3,,FALSE
4,58,,TRUE
4,,,TRUE
4,,,TRUE
4,58,,TRUE
3,42,,TRUE
3,,,TRUE
3,,,TRUE
2,,,TRUE
2,279,,TRUE
2,,,TRUE
2,,,TRUE
2,122,,FALSE
2,,,FALSE
3,,,TRUE
3,96,,TRUE
3,96,,TRUE
3,290,,TRUE
3,,,TRUE
3,290,,TRUE
4,9,,FALSE
4,9,,FALSE
4,,,FALSE
4,,,FALSE
5,,,FALSE
5,,,FALSE
5,,,FALSE
5,64,,FALSE
5,59,,FALSE
2,36,,FALSE
2,,,FALSE
3,186,,FALSE
3,,,FALSE
3,,,FALSE
3,40,,TRUE
3,,,TRUE
3,,,TRUE
3,35,,FALSE
3,,,FALSE
3,35,,FALSE
3,53,,FALSE
3,53,,FALSE
3,,,FALSE
3,128,,TRUE
3,128,,TRUE
3,,,TRUE
3,60,,FALSE
3,,,FALSE
3,,,FALSE
2,81,,TRUE
2,,,TRUE
2,3,,TRUE
2,3,,TRUE
2,84,,TRUE
2,,,TRUE
4,,,FALSE
4,243,,FALSE
4,,,FALSE
4,243,,FALSE
3,2,,FALSE
3,,,FALSE
3,,,FALSE
4,372,,TRUE
4,372,,TRUE
4,,,TRUE
4,,,TRUE
4,90,,TRUE
4,,,TRUE
4,,,TRUE
4,66,,FALSE
3,44,,FALSE
3,,,FALSE
3,44,,FALSE
3,45,,FALSE
3,45,,FALSE
3,,,FALSE
3,47,,FALSE
3,,,FALSE
3,47,,FALSE
2,1870,,FALSE
2,1870,,FALSE
2,,,FALSE
2,108,,FALSE
2,90,,FALSE
2,,,FALSE
2,33,,FALSE
2,33,,FALSE
2,101,,FALSE
2,,,FALSE
3,,,FALSE
3,,,FALSE
3,975,,FALSE
2,1191,,FALSE
2,,,FALSE
3,23,,FALSE
3,23,,FALSE
3,,,FALSE
2,19,,TRUE
2,19,,TRUE
2,319,,TRUE
2,,,TRUE
2,144,,TRUE
2,,,TRUE
2,11,,TRUE
2,11,,TRUE
2,11,,TRUE
2,,,TRUE
3,170,,FALSE
3,,,FALSE
3,170,,FALSE
2,1499,,FALSE
2,1134,,FALSE
3,857,,TRUE
3,857,,TRUE
3,,,TRUE
2,50,,FALSE
2,,,FALSE
3,8,,FALSE
3,8,,FALSE
3,,,FALSE
1,415,,FALSE
1,341,,TRUE
2,444,,TRUE
2,444,,TRUE
1,1340,,FALSE
4,,,FALSE
4,,,FALSE
4,2219,,FALSE
4,43,,FALSE
4,205,,FALSE
4,,,FALSE
4,244,,FALSE
4,,,FALSE
4,44,,FALSE
4,44,,FALSE
4,,,FALSE
4,,,FALSE
1,,,FALSE
6,217,,TRUE
6,217,,TRUE
6,,,TRUE
6,,,TRUE
6,,,TRUE
6,,,TRUE
3,70,,TRUE
3,70,,TRUE
3,,,TRUE
3,,,FALSE
3,127,,FALSE
3,127,,FALSE
2,28,521,TRUE
2,,,TRUE
4,,,FALSE
4,,,FALSE
4,115,,FALSE
4,115,100,FALSE
5,111,1271,FALSE
5,,,FALSE
5,,,FALSE
5,,,FALSE
5,,,FALSE
2,46,,FALSE
2,,,FALSE
2,217,,FALSE
2,,,FALSE
1,198,,FALSE
2,9,,FALSE
2,,,FALSE
2,,,FALSE
2,39,,FALSE
4,,,FALSE
4,142,318,FALSE
4,130,,FALSE
4,,,FALSE
2,65,,TRUE
2,65,,TRUE
3,44,,FALSE
3,88,,FALSE
3,,,FALSE
2,22,,TRUE
2,,,TRUE
3,,,FALSE
3,22,675,FALSE
3,22,420,FALSE
7,51,1300,TRUE
7,,,TRUE
7,,,TRUE
7,,,TRUE
7,51,,TRUE
7,,,TRUE
7,,,TRUE
2,136,420,FALSE
2,,,FALSE
1,58,,TRUE
4,,,TRUE
4,,,TRUE
4,,,TRUE
4,,,TRUE
3,,,FALSE
3,152,521,FALSE
3,152,750,FALSE
4,,,FALSE
4,,,FALSE
4,6,,FALSE
4,,,FALSE
2,526,,FALSE
2,655,,FALSE
2,13,310,FALSE
2,,,FALSE
5,204,,FALSE
5,204,,FALSE
5,,,FALSE
5,,,FALSE
5,,,FALSE
5,5,,FALSE
5,,,FALSE
5,,,FALSE
5,,,FALSE
5,,,FALSE
3,,,FALSE
3,7,,FALSE
3,7,675,FALSE
2,65,,FALSE
2,,,FALSE
4,,,FALSE
4,,,FALSE
4,132,362,FALSE
4,,,FALSE
4,,,FALSE
4,,,FALSE
4,178,,FALSE
4,178,,FALSE
3,50,920,FALSE
3,50,61,FALSE
3,,,FALSE
4,,,FALSE
4,,,FALSE
4,135,1230,FALSE
4,134,197,FALSE
3,111,,TRUE
3,111,588,TRUE
3,,,TRUE
2,102,420,TRUE
2,,,TRUE
5,164,373,TRUE
5,,,TRUE
5,,,TRUE
5,,,TRUE
5,-201,,TRUE
3,46,3000,FALSE
3,,,FALSE
3,46,0,FALSE
2,312,403,FALSE
2,,,FALSE
5,25,,FALSE
5,,,FALSE
5,,,FALSE
5,,,FALSE
5,25,,FALSE
3,234,,TRUE
3,-131,900,TRUE
3,,,TRUE
2,,,TRUE
2,8,1800,TRUE
2,272,,FALSE
2,282,,FALSE
2,18,755,FALSE
2,18,1254,FALSE
5,,,FALSE
5,229,,FALSE
5,229,,FALSE
5,,,FALSE
5,,,FALSE
3,96,,FALSE
3,96,,FALSE
3,,,FALSE
4,364,,FALSE
4,364,1600,FALSE
4,,,FALSE
4,,,FALSE
4,,,TRUE
4,,,TRUE
4,813,,TRUE
4,813,,TRUE
1,132,1100,FALSE
1,152,,FALSE
2,624,,FALSE
2,,,FALSE
2,7,505,TRUE
2,,,TRUE
3,,,FALSE
3,4,910,FALSE
3,4,,FALSE
2,455,910,FALSE
2,,,FALSE
4,81,,FALSE
4,,,FALSE
4,81,1200,FALSE
4,,,FALSE
4,,,FALSE
4,,,FALSE
4,,,FALSE
4,178,,FALSE
2,,,FALSE
2,68,750,FALSE
2,603,,TRUE
2,,,TRUE
2,1,,FALSE
2,8,,FALSE
3,133,,FALSE
3,133,1400,FALSE
3,,,FALSE
3,12,,FALSE
3,,,FALSE
3,,,FALSE
3,38,713,FALSE
3,38,754,FALSE
3,,,FALSE
2,,,FALSE
2,3,895,FALSE
2,204,420,TRUE
2,,,TRUE
3,2935,217,FALSE
3,,,FALSE
3,,,FALSE
4,30,,FALSE
4,30,569,FALSE
4,,,FALSE
4,,,FALSE
2,138,,FALSE
2,140,,FALSE
1,60,,FALSE
5,,,TRUE
5,226,762,TRUE
5,,,TRUE
5,,,TRUE
5,,,TRUE
1,327,750,FALSE
2,11,,FALSE
2,11,,FALSE
5,100,,TRUE
5,,,TRUE
5,,,TRUE
5,,,FALSE
5,26,670,FALSE
3,57,,FALSE
3,57,,FALSE
3,,,FALSE
5,27,,FALSE
5,27,,FALSE
5,,,FALSE
5,,,FALSE
5,,,FALSE
4,,,FALSE
4,398,,FALSE
4,428,1400,FALSE
4,,,FALSE
2,,,TRUE
2,49,716,TRUE
1,327,750,FALSE
9,42,1121,FALSE
9,42,,FALSE
9,,,FALSE
9,,,FALSE
9,,,FALSE
9,,,FALSE
9,,,FALSE
9,,,FALSE
9,,,FALSE
3,21,850,FALSE
3,52,850,FALSE
3,,,FALSE
3,55,,FALSE
3,,,FALSE
3,,,FALSE
3,85,,FALSE
3,,,FALSE
3,85,,FALSE
3,72,467,FALSE
3,72,,FALSE
3,,,FALSE
2,,,FALSE
2,4,,FALSE
4,92,600,FALSE
4,92,,FALSE
4,,,FALSE
4,,,FALSE
3,70,,TRUE
3,,,FALSE
3,,,TRUE
6,6,241,FALSE
6,11,1570,FALSE
6,,,FALSE
6,,,FALSE
6,,,FALSE
6,,,FALSE
2,,,FALSE
2,363,420,FALSE
3,23,,FALSE
3,,,FALSE
3,,,FALSE
2,,,FALSE
2,790,910,FALSE
4,,,FALSE
4,,,FALSE
4,33,670,FALSE
4,33,670,FALSE
8,409,750,FALSE
8,440,2250,FALSE
8,,,FALSE
8,,,FALSE
8,,,FALSE
8,,,FALSE
8,,,FALSE
8,,,FALSE
3,36,858,TRUE
3,36,891,TRUE
3,,,TRUE
3,,,FALSE
3,,,FALSE
3,2,,FALSE
2,31,,FALSE
2,,,FALSE
3,89,,FALSE
3,,,FALSE
3,,,FALSE
4,,,FALSE
4,115,982,FALSE
4,114,606,FALSE
4,,,FALSE
3,81,,TRUE
3,81,,TRUE
3,,,TRUE
2,351,,FALSE
2,351,,FALSE
2,31,,FALSE
2,,,FALSE
3,1828,,FALSE
3,,,FALSE
3,1828,,FALSE
3,,,FALSE
3,,,FALSE
3,183,569,FALSE
2,,,FALSE
2,209,770,FALSE
2,,,FALSE
2,1110,883,FALSE
4,127,608,TRUE
4,127,,TRUE
4,,,TRUE
4,,,TRUE
4,,,FALSE
4,,,FALSE
4,,,FALSE
4,31,,FALSE
3,445,1040,FALSE
3,,,FALSE
3,414,,FALSE
4,63,,FALSE
4,,,FALSE
4,63,1000,FALSE
4,,,FALSE
4,35,,TRUE
4,,,TRUE
4,,,TRUE
4,,,TRUE
4,255,,TRUE
4,,,TRUE
4,,,TRUE
4,,,TRUE
4,21,575,FALSE
4,21,,FALSE
4,,,FALSE
4,,,FALSE
4,,,TRUE
4,,,TRUE
4,336,318,TRUE
4,,,TRUE
3,,,TRUE
3,232,1210,TRUE
3,,,TRUE
4,,,FALSE
4,,,FALSE
4,1138,,FALSE
4,1138,670,FALSE
5,,,TRUE
5,,,TRUE
5,614,,TRUE
5,614,,TRUE
5,,,TRUE
4,,,FALSE
4,,,FALSE
4,88,750,FALSE
4,88,,FALSE
5,167,,FALSE
5,,,FALSE
5,,,FALSE
5,,,FALSE
5,167,,FALSE
4,128,,FALSE
4,,,TRUE
4,171,670,TRUE
4,,,TRUE
3,,,FALSE
3,97,,FALSE
3,97,,FALSE
3,184,420,FALSE
3,,,FALSE
3,182,1600,FALSE
4,75,,FALSE
4,75,,FALSE
4,,,FALSE
4,,,FALSE
2,,,FALSE
2,146,1110,FALSE
4,,,TRUE
4,61,670,TRUE
4,61,,TRUE
4,,,TRUE
3,,,FALSE
3,,,FALSE
3,43,520,FALSE
3,438,800,TRUE
3,,,TRUE
3,,,TRUE
2,313,300,FALSE
2,313,,FALSE
2,31,872,FALSE
2,,,FALSE
2,,,TRUE
2,132,1082,TRUE
5,53,,TRUE
5,,,TRUE
5,,,TRUE
5,,,TRUE
5,,,TRUE
5,478,772,FALSE
5,,,FALSE
5,478,,FALSE
5,,,FALSE
5,,,FALSE
8,35,4500,FALSE
8,,,FALSE
8,,,FALSE
8,,,FALSE
8,,,FALSE
8,,,FALSE
8,,,FALSE
8,,,FALSE
3,161,,FALSE
3,161,459,FALSE
3,,,FALSE
3,89,,FALSE
3,89,,FALSE
3,,,FALSE
4,1769,,TRUE
4,1769,,FALSE
4,,,TRUE
4,,,TRUE
3,205,,TRUE
3,178,750,TRUE
3,178,,TRUE
4,,,FALSE
4,,,FALSE
4,43,,FALSE
4,43,2560,FALSE
2,197,,FALSE
2,197,,FALSE
3,,,FALSE
3,,,FALSE
3,,,FALSE
2,357,,FALSE
2,,,FALSE
6,57,,FALSE
6,57,,FALSE
6,57,,FALSE
6,26,569,FALSE
6,,,FALSE
6,,,FALSE
3,,,FALSE
3,,,FALSE
3,,,FALSE
3,,,FALSE
3,180,474,FALSE
3,180,,FALSE
2,8,,FALSE
2,,,FALSE
2,166,500,FALSE
2,163,197,FALSE
2,14,,FALSE
2,9,750,FALSE
2,,,TRUE
2,45,995,TRUE
6,32,,FALSE
6,32,,FALSE
6,,,FALSE
6,,,FALSE
6,,,FALSE
6,,,FALSE
6,169,,TRUE
6,169,,FALSE
6,,,TRUE
6,,,TRUE
6,,,TRUE
6,,,TRUE
4,,,FALSE
4,,,FALSE
4,,,FALSE
4,291,569,FALSE
5,,,TRUE
5,,,TRUE
5,11,567,TRUE
5,,197,TRUE
5,11,,TRUE
4,118,,TRUE
4,,,TRUE
4,,,TRUE
4,,,TRUE
4,88,,FALSE
4,,,FALSE
4,,,FALSE
4,88,529,FALSE
3,236,,FALSE
3,236,,FALSE
3,,,FALSE
3,6,,FALSE
3,,,FALSE
3,6,,FALSE
4,152,,FALSE
4,,,FALSE
4,,,FALSE
4,,,FALSE
3,1,1291,FALSE
3,,,FALSE
3,,,FALSE
2,8,750,TRUE
2,,,TRUE
4,,,FALSE
4,224,500,FALSE
4,,,FALSE
4,224,,FALSE
3,194,1400,FALSE
3,,,FALSE
3,194,1060,FALSE
1,200,,FALSE
3,131,1400,TRUE
3,131,,TRUE
3,,,TRUE
2,81,459,TRUE
2,,,TRUE
2,,,TRUE
2,647,800,TRUE
3,70,,FALSE
3,70,920,FALSE
3,,,FALSE
3,16,,TRUE
3,16,,TRUE
3,,,TRUE
2,2535,,FALSE
2,,,FALSE
2,,,FALSE
2,273,197,FALSE
1,424,,FALSE
3,6,1805,FALSE
3,,,FALSE
3,,,FALSE
10,12,1218,FALSE
10,12,,FALSE
10,,,FALSE
10,,,FALSE
10,,,FALSE
10,,,FALSE
10,,,FALSE
10,,,FALSE
10,,,FALSE
10,,,FALSE
4,561,441,FALSE
4,,,FALSE
4,,,TRUE
4,561,,FALSE
3,50,,FALSE
3,,,FALSE
3,50,,FALSE
6,,,FALSE
6,,,FALSE
6,32,,FALSE
6,,,FALSE
6,32,,FALSE
6,,,FALSE
4,155,557,FALSE
4,,,FALSE
4,155,,FALSE
4,,,FALSE
2,,,TRUE
2,186,420,TRUE
2,290,11.5,TRUE
2,290,,TRUE
3,33,300,FALSE
3,,,FALSE
3,,,FALSE
5,33,,FALSE
5,33,,FALSE
5,,,FALSE
5,,,FALSE
5,,,FALSE
2,212,,FALSE
2,212,335,FALSE
2,48,435,FALSE
2,,,FALSE
3,2,,FALSE
3,2,,FALSE
3,,,FALSE
5,46,,TRUE
5,,,TRUE
5,,,TRUE
5,,,TRUE
5,46,820,TRUE
6,216,750,FALSE
6,,,FALSE
6,,,FALSE
6,,,FALSE
6,,,FALSE
6,,,FALSE
3,2,,FALSE
3,2,,FALSE
3,,,FALSE
4,735,500,FALSE
4,,,FALSE
4,,,FALSE
4,,,FALSE
3,10,620,FALSE
3,,,FALSE
3,,,FALSE
3,48,,FALSE
3,,,FALSE
3,,,FALSE
3,,,FALSE
3,9,,FALSE
3,9,,FALSE
3,424,,FALSE
3,424,,FALSE
3,,,FALSE
6,59,,FALSE
6,,,FALSE
6,,,FALSE
6,,,FALSE
6,,,FALSE
6,,,FALSE
3,11,,FALSE
3,11,,FALSE
3,,,FALSE
4,,,FALSE
4,,,FALSE
4,51,,FALSE
4,51,572,FALSE
6,105,,TRUE
6,,,TRUE
6,,,FALSE
6,,,TRUE
6,,,TRUE
6,105,4380,TRUE
4,11,,FALSE
4,,,FALSE
4,,,FALSE
4,,,FALSE
5,20,,TRUE
5,20,,TRUE
5,,,TRUE
5,,,TRUE
5,,,TRUE
3,105,,FALSE
3,32,,FALSE
3,,,FALSE
3,,,FALSE
3,,,FALSE
3,,,FALSE
4,,,FALSE
4,185,,FALSE
4,-180,,FALSE
4,,,FALSE
3,2,459,FALSE
3,2,,FALSE
3,,,FALSE
2,184,1344,FALSE
2,,,FALSE
5,48,,FALSE
5,48,,FALSE
5,,,FALSE
5,,,FALSE
5,,,FALSE
4,111,880,FALSE
4,,,FALSE
4,,,FALSE
4,,,FALSE
4,34,18.57,FALSE
4,,,FALSE
4,,,FALSE
4,,,FALSE
3,24,,FALSE
3,24,,FALSE
3,,,FALSE
4,,,FALSE
4,,,FALSE
4,18,,FALSE
4,,,FALSE
5,45,,FALSE
5,45,2080,FALSE
5,,,FALSE
5,,,FALSE
5,,,FALSE
3,,,FALSE
3,609,,FALSE
3,609,1500,FALSE
2,60,,FALSE
2,,,FALSE
3,106,,FALSE
3,,,FALSE
3,,,FALSE
3,10,,FALSE
3,10,,FALSE
3,,,FALSE
4,48,943,FALSE
4,48,,FALSE
4,,,FALSE
4,,,FALSE
4,24,460,TRUE
4,,,TRUE
4,,,TRUE
4,24,1856,TRUE
3,270,459,FALSE
3,,,FALSE
3,270,,FALSE
3,202,569,TRUE
3,,,TRUE
3,,,TRUE
5,72,750,FALSE
5,,,FALSE
5,,,FALSE
5,,,FALSE
5,,,FALSE
2,6,771,TRUE
2,6,,TRUE
2,30,,FALSE
2,30,600,FALSE
3,191,,FALSE
3,191,,FALSE
3,,,FALSE
3,61,2500,TRUE
3,61,,TRUE
3,,,TRUE
4,668,560,FALSE
4,,,FALSE
4,,,FALSE
4,,,FALSE
3,28,241.55,FALSE
3,,,FALSE
3,,,FALSE
3,118,,FALSE
3,118,122,FALSE
3,,,FALSE
2,100,1000,FALSE
2,,,FALSE
2,29,745,FALSE
2,,,FALSE
2,750,465,FALSE
2,,,FALSE
3,54,360,TRUE
3,68,,TRUE
3,68,750,TRUE
5,,,FALSE
5,,,FALSE
5,71,,FALSE
5,71,,FALSE
5,,,FALSE
4,33,558,FALSE
4,33,,FALSE
4,,,FALSE
4,,,FALSE
3,769,,FALSE
3,,,FALSE
3,,,FALSE
2,1,1118,TRUE
2,,,TRUE
2,183,481,FALSE
2,,,FALSE
2,174,197,FALSE
2,174,375,FALSE
3,69,996,FALSE
3,,,FALSE
3,,,FALSE
4,2,,FALSE
4,,,FALSE
4,,,FALSE
4,,,FALSE
4,,,FALSE
4,,,FALSE
4,108,459,FALSE
4,108,750,FALSE
4,170,,FALSE
4,,,FALSE
4,,,FALSE
4,,,FALSE
3,7,,FALSE
3,7,356,FALSE
3,,,FALSE
4,41,670,FALSE
4,,,FALSE
4,,,FALSE
4,,,FALSE
2,96,,FALSE
2,96,,FALSE
3,210,197,FALSE
3,211,344,FALSE
3,,,FALSE
2,56,,FALSE
2,56,,FALSE
2,15,,FALSE
2,,,FALSE
2,144,,FALSE
2,144,1600,FALSE
2,207,,FALSE
2,207,,FALSE
3,211,,FALSE
3,,,FALSE
3,,,FALSE
2,762,,FALSE
2,762,,FALSE
3,629,600,FALSE
3,629,,FALSE
3,,,FALSE
3,59,,FALSE
3,55,,FALSE
3,,,FALSE
3,,,FALSE
3,38,,FALSE
3,38,,FALSE
3,192,1200,FALSE
3,,,FALSE
3,,,FALSE
6,62,1700,TRUE
6,62,379,TRUE
6,,,TRUE
6,,,TRUE
6,,,TRUE
6,,,TRUE
4,153,2000,FALSE
4,,,FALSE
4,,,FALSE
4,,,FALSE
3,105,2080,FALSE
3,105,,FALSE
3,,,FALSE
2,,,FALSE
2,8,770,FALSE
6,22,2055,TRUE
6,22,,TRUE
6,,,TRUE
6,,,TRUE
6,,,TRUE
6,,,TRUE
4,,,FALSE
4,126,,FALSE
4,,,FALSE
4,126,,FALSE
3,,,TRUE
3,5,,TRUE
3,,,TRUE
3,156,,FALSE
3,156,,FALSE
3,,,FALSE
4,24,670,FALSE
4,,,FALSE
4,,,FALSE
4,23,,FALSE
2,57,1130,FALSE
2,,,FALSE
2,56,459,FALSE
2,,,FALSE
5,100,,FALSE
5,,,FALSE
5,100,,FALSE
5,,,FALSE
5,,,FALSE
2,53,,FALSE
2,,,FALSE
2,8,750,FALSE
2,,,FALSE
2,10,,FALSE
2,,,FALSE
2,220,,FALSE
2,220,,FALSE
5,,,FALSE
5,25,700,FALSE
5,,,FALSE
5,25,,FALSE
5,,,FALSE
3,8,437,TRUE
3,,,TRUE
3,8,,TRUE
3,109,,TRUE
3,109,1100,TRUE
3,,,TRUE
3,56,1100,TRUE
3,,,TRUE
3,56,,TRUE
3,77,,TRUE
3,,,TRUE
3,17,,TRUE
3,193,900,FALSE
3,,,FALSE
3,,,FALSE
2,76,,TRUE
2,76,763,TRUE
4,36,456,FALSE
4,,,FALSE
4,,,FALSE
4,36,771,FALSE
3,3514,,FALSE
3,2378,,FALSE
3,,,FALSE
5,,,FALSE
5,,,FALSE
5,,,FALSE
5,1,,FALSE
5,,,FALSE
6,,,FALSE
6,,,FALSE
6,,,FALSE
6,22,1902,FALSE
6,22,,FALSE
6,,,FALSE
3,17,,FALSE
3,,,FALSE
3,17,751,FALSE
5,244,1800,TRUE
5,,,TRUE
5,,,TRUE
5,,,TRUE
5,244,,TRUE
2,150,,FALSE
2,150,750,FALSE
1,10,,FALSE
5,31,,FALSE
5,31,,FALSE
5,,,FALSE
5,,,FALSE
5,,,FALSE
3,,,TRUE
3,160,750,TRUE
3,,,TRUE
3,165,1065,FALSE
3,164,,FALSE
3,,,FALSE
1,3,,FALSE
3,26,,FALSE
3,,,FALSE
3,26,,FALSE
3,2,,FALSE
3,-28,,FALSE
3,,,FALSE
5,2,,FALSE
5,,,FALSE
5,,,FALSE
5,,,FALSE
5,,,FALSE
3,141,1009,FALSE
3,,,FALSE
3,,,FALSE
4,191,459,FALSE
4,191,,FALSE
4,,,FALSE
4,191,,FALSE
5,28,2500,FALSE
5,28,,FALSE
5,,,FALSE
5,,,FALSE
5,,,FALSE
3,34,,FALSE
3,34,,FALSE
3,,,FALSE
3,77,589,FALSE
3,,,FALSE
3,,,FALSE
2,318,,TRUE
2,347,363,TRUE
4,125,586,FALSE
4,125,931,FALSE
4,,,FALSE
4,,,FALSE
3,13,1900,FALSE
3,13,,FALSE
3,,,FALSE
2,,,FALSE
2,39,,FALSE
2,84,771,FALSE
2,,,FALSE
2,45,480,FALSE
2,45,500,FALSE
5,198,2500,TRUE
5,,,TRUE
5,,,TRUE
5,,,TRUE
5,,,TRUE
3,552,,TRUE
3,552,363,TRUE
3,,,TRUE
3,,,FALSE
3,80,2363.12,FALSE
3,80,,FALSE
3,200,230,FALSE
3,200,,FALSE
3,,,FALSE
2,9,1273,FALSE
2,,,FALSE
3,61,1300,FALSE
3,,,FALSE
3,,,FALSE
2,32,,FALSE
2,,,FALSE
4,108,,FALSE
4,108,2790,FALSE
4,108,,FALSE
4,,,FALSE
4,,,FALSE
4,308,818.4,FALSE
4,308,,FALSE
4,,,FALSE
7,2,,FALSE
7,2,,FALSE
7,,,FALSE
7,,,FALSE
7,,,FALSE
7,,,FALSE
7,,,FALSE
4,,,FALSE
4,,,FALSE
4,,,FALSE
4,149,241.55,FALSE
4,,,FALSE
4,,,FALSE
4,222,,FALSE
4,222,650,FALSE
2,57,,FALSE
2,57,363,FALSE
2,,,FALSE
2,,,FALSE
2,895,1700,FALSE
2,,,FALSE
2,24,,FALSE
2,24,,FALSE
6,269,1728,FALSE
6,269,1700,FALSE
6,,,FALSE
6,,,FALSE
6,,,FALSE
6,,,FALSE
4,,,FALSE
4,,,FALSE
4,33,1600,FALSE
4,33,,FALSE
7,87,877,TRUE
7,,,TRUE
7,,,TRUE
7,,,TRUE
7,,,TRUE
7,,,TRUE
7,87,3038.76,TRUE
5,32,880,FALSE
5,,,FALSE
5,,,FALSE
5,,,FALSE
5,22,772,FALSE
3,103,459,FALSE
3,,,FALSE
3,,,FALSE
3,7,,FALSE
3,7,1500,FALSE
3,,,FALSE
5,,,FALSE
5,118,1310.69,FALSE
5,118,,FALSE
5,,,FALSE
5,,,FALSE
2,35,,FALSE
2,35,,FALSE
4,25,670,TRUE
4,,,TRUE
4,,,TRUE
4,,,TRUE
3,103,1792,TRUE
3,,,TRUE
3,83,,TRUE
2,20,422,FALSE
2,,,FALSE
3,177,569,FALSE
3,,,FALSE
3,,,FALSE
3,58,1536.72,TRUE
3,,,TRUE
3,,,TRUE
4,22,835,TRUE
4,22,600,TRUE
4,,,TRUE
4,,,TRUE
3,87,1529,FALSE
3,87,,FALSE
3,,,FALSE
3,41,,FALSE
3,,,FALSE
3,41,459,FALSE
6,118,,FALSE
6,,,FALSE
6,118,,FALSE
6,,,FALSE
6,,,FALSE
6,,,FALSE
3,1746,,FALSE
3,,,FALSE
3,1746,751,FALSE
3,3,,FALSE
3,,,FALSE
3,,,FALSE
4,53,1353,FALSE
4,44,,FALSE
4,,,FALSE
4,,,FALSE
3,10,,TRUE
3,10,,TRUE
3,,,TRUE
2,15,,FALSE
2,,,FALSE
2,4,520,FALSE
2,4,771,FALSE
5,3,1200,FALSE
5,3,1600,FALSE
5,,,FALSE
5,,,FALSE
5,,,FALSE
2,10,,FALSE
2,,,FALSE
2,,,TRUE
2,81,275,TRUE
5,139,,FALSE
5,139,,FALSE
5,,,FALSE
5,,,FALSE
5,,,FALSE
4,38,560,FALSE
4,,,FALSE
4,,,FALSE
4,,,FALSE
4,937,670,FALSE
4,937,,FALSE
4,,,FALSE
4,,,FALSE
4,158,,FALSE
4,158,,FALSE
4,,,FALSE
4,,,FALSE
3,92,,FALSE
3,,,FALSE
3,,,FALSE
2,48,353,FALSE
2,,,FALSE
2,76,1130,FALSE
2,76,,FALSE
4,,,FALSE
4,,,FALSE
4,83,,FALSE
4,83,,FALSE
2,43,394,FALSE
2,,,FALSE
5,189,,FALSE
5,189,693,FALSE
5,,,FALSE
5,,,FALSE
5,189,,FALSE
2,1477,736,FALSE
2,1477,,FALSE
5,180,,FALSE
5,180,,FALSE
5,,,FALSE
5,,,FALSE
5,,,FALSE
3,,,FALSE
3,,,FALSE
3,292,,FALSE
2,392,,FALSE
2,,,FALSE
4,101,670,FALSE
4,,,FALSE
4,,,FALSE
4,,,FALSE
4,,,FALSE
4,,,FALSE
4,193,,FALSE
4,193,363,FALSE
2,81,,FALSE
2,,,FALSE
4,1495,,FALSE
4,,,FALSE
4,,,FALSE
4,1495,,FALSE
4,,,TRUE
4,,,TRUE
4,30,207,TRUE
4,30,,TRUE
2,,,FALSE
2,75,459,FALSE
2,,,FALSE
2,254,,FALSE
5,,,FALSE
5,80,,FALSE
5,,,FALSE
5,,,FALSE
5,80,,FALSE
5,59,,TRUE
5,59,2500,TRUE
5,,,TRUE
5,,,TRUE
5,,,TRUE
2,422,339,FALSE
2,,,FALSE
2,94,1600,FALSE
2,,,FALSE
2,98,,FALSE
2,,,FALSE
2,247,,FALSE
2,,,FALSE
3,158,1300,FALSE
3,,,FALSE
3,,,FALSE
3,122,468,FALSE
3,,,FALSE
3,,,FALSE
3,,,FALSE
3,451,200,FALSE
3,451,1800,FALSE
5,31,569,FALSE
5,31,,FALSE
5,,,FALSE
5,,,FALSE
5,,,FALSE
2,2822,,FALSE
2,,,FALSE
2,180,771,FALSE
2,,,FALSE
2,,,FALSE
2,158,394,FALSE
3,158,771,FALSE
3,158,455,FALSE
3,,,FALSE
2,,,FALSE
2,64,450,FALSE
2,280,800,FALSE
2,,,FALSE
2,61,197,FALSE
2,,,FALSE
2,98,,FALSE
2,,,FALSE
3,63,567,FALSE
3,,,FALSE
3,,,FALSE
2,69,1800,FALSE
2,,,FALSE
3,212,1257,FALSE
3,,,FALSE
3,,,FALSE
4,1206,771,FALSE
4,1206,,FALSE
4,,,FALSE
4,,,FALSE
2,781,363,FALSE
2,781,,FALSE
4,189,,FALSE
4,189,,FALSE
4,,,FALSE
4,,,FALSE
2,3657,759,FALSE
2,,,FALSE
3,46,,FALSE
3,46,1700,FALSE
3,,,FALSE
2,49,,FALSE
2,,,FALSE
2,44,450,FALSE
2,,,FALSE
4,,,FALSE
4,,,FALSE
4,64,,FALSE
4,64,,FALSE
2,103,,FALSE
2,103,,FALSE
2,40,194,FALSE
2,,,FALSE
3,40,800,FALSE
3,,,FALSE
3,,,FALSE
4,116,,FALSE
4,116,,FALSE
4,,,FALSE
4,,,FALSE
2,124,459,FALSE
2,,,FALSE
6,210,,FALSE
6,210,,FALSE
6,,,FALSE
6,,,FALSE
6,,,FALSE
6,,,FALSE
3,1619,459,FALSE
3,,,FALSE
3,1619,,FALSE
3,189,500,FALSE
3,,,FALSE
3,,,FALSE
3,219,,FALSE
3,,,FALSE
3,,,FALSE
2,92,683,FALSE
2,,,FALSE
3,,,FALSE
3,28,,FALSE
3,,,FALSE
2,24,459,FALSE
2,,,FALSE
2,230,,FALSE
2,230,,FALSE
3,297,756,FALSE
3,,,FALSE
3,297,,FALSE
1,26,,FALSE
3,,,FALSE
3,,,FALSE
3,,,FALSE
2,,,FALSE
2,32,400,FALSE
5,17,,FALSE
5,17,,FALSE
5,,,FALSE
5,,,FALSE
5,,,FALSE
3,27,2000,FALSE
3,,,FALSE
3,,,FALSE
3,21,341,FALSE
3,,,FALSE
3,,,FALSE
2,57,800,FALSE
2,,,FALSE
2,807,,FALSE
2,807,,FALSE
2,12,578.5,FALSE
2,12,578.5,FALSE
4,19,1700,FALSE
4,,,FALSE
4,,,FALSE
4,,,FALSE
3,10,,FALSE
3,,,FALSE
3,,,FALSE
5,1466,,FALSE
5,,,FALSE
5,1466,,FALSE
5,,,FALSE
5,,,FALSE
4,10,1700,FALSE
4,10,,FALSE
4,,,FALSE
4,,,FALSE
4,,,FALSE
4,3,1230,FALSE
4,,,FALSE
4,3,600,FALSE
2,143,300,FALSE
2,,,FALSE
4,2,1372,FALSE
4,,,FALSE
4,,,FALSE
4,,,FALSE
2,97,,FALSE
2,97,1600,FALSE
4,,,TRUE
4,,,TRUE
4,296,1600,TRUE
4,,,TRUE
4,,,TRUE
4,296,1600,TRUE
4,,,TRUE
4,,,TRUE
4,296,1600,TRUE
4,,,TRUE
4,,,TRUE
4,296,1600,TRUE
4,,,TRUE
4,,,TRUE
4,296,1600,TRUE
4,,,TRUE
4,,,TRUE
4,296,1600,TRUE
4,,,TRUE
4,,,TRUE
4,296,1600,TRUE
4,,,TRUE
4,,,TRUE
4,296,1600,TRUE
4,,,TRUE
4,,,TRUE
4,296,1600,TRUE
4,,,TRUE
4,,,TRUE
4,296,1600,TRUE
4,,,TRUE
4,,,TRUE
4,296,1600,TRUE
4,,,TRUE
4,,,TRUE
4,296,1600,TRUE
4,,,TRUE
4,,,TRUE
4,296,1600,TRUE
4,,,TRUE
4,,,TRUE
4,296,1600,TRUE
4,,,TRUE
4,,,TRUE
4,296,1600,TRUE
4,,,TRUE
4,,,TRUE
4,296,1600,TRUE
4,,,TRUE
4,,,TRUE
4,296,1600,TRUE
3,8,437,TRUE
3,,,TRUE
3,8,,TRUE
3,109,,TRUE
3,109,1100,TRUE
3,,,TRUE
3,56,1100,TRUE
3,,,TRUE
3,56,,TRUE
3,77,,TRUE
3,,,TRUE
3,17,,TRUE
3,8,437,TRUE
3,,,TRUE
3,8,,TRUE
3,109,,TRUE
3,109,1100,TRUE
3,,,TRUE
3,56,1100,TRUE
3,,,TRUE
3,56,,TRUE
3,77,,TRUE
3,,,TRUE
3,17,,TRUE
3,8,437,TRUE
3,,,TRUE
3,8,,TRUE
3,109,,TRUE
3,109,1100,TRUE
3,,,TRUE
3,56,1100,TRUE
3,,,TRUE
3,56,,TRUE
3,77,,TRUE
3,,,TRUE
3,17,,TRUE
3,8,437,TRUE
3,,,TRUE
3,8,,TRUE
3,109,,TRUE
3,109,1100,TRUE
3,,,TRUE
3,56,1100,TRUE
3,,,TRUE
3,56,,TRUE
3,77,,TRUE
3,,,TRUE
3,17,,TRUE
3,8,437,TRUE
3,,,TRUE
3,8,,TRUE
3,109,,TRUE
3,109,1100,TRUE
3,,,TRUE
3,56,1100,TRUE
3,,,TRUE
3,56,,TRUE
3,77,,TRUE
3,,,TRUE
3,17,,TRUE
3,8,437,TRUE
3,,,TRUE
3,8,,TRUE
3,109,,TRUE
3,109,1100,TRUE
3,,,TRUE
3,56,1100,TRUE
3,,,TRUE
3,56,,TRUE
3,77,,TRUE
3,,,TRUE
3,17,,TRUE
3,8,437,TRUE
3,,,TRUE
3,8,,TRUE
3,109,,TRUE
3,109,1100,TRUE
3,,,TRUE
3,56,1100,TRUE
3,,,TRUE
3,56,,TRUE
3,77,,TRUE
3,,,TRUE
3,17,,TRUE
3,8,437,TRUE
3,,,TRUE
3,8,,TRUE
3,109,,TRUE
3,109,1100,TRUE
3,,,TRUE
3,56,1100,TRUE
3,,,TRUE
3,56,,TRUE
3,77,,TRUE
3,,,TRUE
3,17,,TRUE
3,8,437,TRUE
3,,,TRUE
3,8,,TRUE
3,109,,TRUE
3,109,1100,TRUE
3,,,TRUE
3,56,1100,TRUE
3,,,TRUE
3,56,,TRUE
3,77,,TRUE
3,,,TRUE
3,17,,TRUE
3,8,437,TRUE
3,,,TRUE
3,8,,TRUE
3,109,,TRUE
3,109,1100,TRUE
3,,,TRUE
3,56,1100,TRUE
3,,,TRUE
3,56,,TRUE
3,77,,TRUE
3,,,TRUE
3,17,,TRUE
3,8,437,TRUE
3,,,TRUE
3,8,,TRUE
3,109,,TRUE
3,109,1100,TRUE
3,,,TRUE
3,56,1100,TRUE
3,,,TRUE
3,56,,TRUE
3,77,,TRUE
3,,,TRUE
3,17,,TRUE
3,8,437,TRUE
3,,,TRUE
3,8,,TRUE
3,109,,TRUE
3,109,1100,TRUE
3,,,TRUE
3,56,1100,TRUE
3,,,TRUE
3,56,,TRUE
3,77,,TRUE
3,,,TRUE
3,17,,TRUE
3,8,437,TRUE
3,,,TRUE
3,8,,TRUE
3,109,,TRUE
3,109,1100,TRUE
3,,,TRUE
3,56,1100,TRUE
3,,,TRUE
3,56,,TRUE
3,77,,TRUE
3,,,TRUE
3,17,,TRUE
3,8,437,TRUE
3,,,TRUE
3,8,,TRUE
3,109,,TRUE
3,109,1100,TRUE
3,,,TRUE
3,56,1100,TRUE
3,,,TRUE
3,56,,TRUE
3,77,,TRUE
3,,,TRUE
3,17,,TRUE
3,8,437,TRUE
3,,,TRUE
3,8,,TRUE
3,109,,TRUE
3,109,1100,TRUE
3,,,TRUE
3,56,1100,TRUE
3,,,TRUE
3,56,,TRUE
3,77,,TRUE
3,,,TRUE
3,17,,TRUE
3,8,437,TRUE
3,,,TRUE
3,8,,TRUE
3,109,,TRUE
3,109,1100,TRUE
3,,,TRUE
3,56,1100,TRUE
3,,,TRUE
3,56,,TRUE
3,77,,TRUE
3,,,TRUE
3,17,,TRUE
3,8,437,TRUE
3,,,TRUE
3,8,,TRUE
3,109,,TRUE
3,109,1100,TRUE
3,,,TRUE
3,56,1100,TRUE
3,,,TRUE
3,56,,TRUE
3,77,,TRUE
3,,,TRUE
3,17,,TRUE
3,8,437,TRUE
3,,,TRUE
3,8,,TRUE
3,109,,TRUE
3,109,1100,TRUE
3,,,TRUE
3,56,1100,TRUE
3,,,TRUE
3,56,,TRUE
3,77,,TRUE
3,,,TRUE
3,17,,TRUE
3,8,437,TRUE
3,,,TRUE
3,8,,TRUE
3,109,,TRUE
3,109,1100,TRUE
3,,,TRUE
3,56,1100,TRUE
3,,,TRUE
3,56,,TRUE
3,77,,TRUE
3,,,TRUE
3,17,,TRUE
3,8,437,TRUE
3,,,TRUE
3,8,,TRUE
3,109,,TRUE
3,109,1100,TRUE
3,,,TRUE
3,56,1100,TRUE
3,,,TRUE
3,56,,TRUE
3,77,,TRUE
3,,,TRUE
3,17,,TRUE
3,8,437,TRUE
3,,,TRUE
3,8,,TRUE
3,109,,TRUE
3,109,1100,TRUE
3,,,TRUE
3,56,1100,TRUE
3,,,TRUE
3,56,,TRUE
3,77,,TRUE
3,,,TRUE
3,17,,TRUE
3,8,437,TRUE
3,,,TRUE
3,8,,TRUE
3,109,,TRUE
3,109,1100,TRUE
3,,,TRUE
3,56,1100,TRUE
3,,,TRUE
3,56,,TRUE
3,77,,TRUE
3,,,TRUE
3,17,,TRUE
3,8,437,TRUE
3,,,TRUE
3,8,,TRUE
3,109,,TRUE
3,109,1100,TRUE
3,,,TRUE
3,56,1100,TRUE
3,,,TRUE
3,56,,TRUE
3,77,,TRUE
3,,,TRUE
3,17,,TRUE
3,8,437,TRUE
3,,,TRUE
3,8,,TRUE
3,109,,TRUE
3,109,1100,TRUE
3,,,TRUE
3,56,1100,TRUE
3,,,TRUE
3,56,,TRUE
3,77,,TRUE
3,,,TRUE
3,17,,TRUE
